iso,name_fr
ABW,Aruba (P.-B.)
AFG,Afghanistan
AGO,Angola
AIA,Anguilla (R.-U.)
ALA,Åland (Fin.)
ALB,Albanie
AND,Andorre
ARE,Émirats arabes unis
ARG,Argentine
ARM,Arménie
ASM,Samoa américaines (É.-U.)
ATF,Terres australes et antarctiques françaises (Fr.)
ATG,Antigua-et-Barbuda
AUS,Australie
AUT,Autriche
AZE,Azerbaïdjan
BDI,Burundi
BEL,Belgique
BEN,Bénin
BES,"Bonaire, Saint-Eustache et Saba (P.-B.)"
BFA,Burkina Faso
BGD,Bangladesh
BGR,Bulgarie
BHR,Bahreïn
BHS,Bahamas
BIH,Bosnie-Herzégovine
BLM,Saint-Barthélemy (Fr.)
BLR,Biélorussie
BLZ,Belize
BMU,Bermudes (R.-U.)
BOL,Bolivie
BRA,Brésil
BRB,Barbade
BRN,Brunei
BTN,Bhoutan
BVT,Île Bouvet (Nor.)
BWA,Botswana
CAF,République centrafricaine
CAN,Canada
CCK,Îles Cocos (Aus.)
CHE,Suisse
CHL,Chili
CHN,République populaire de Chine
CIV,Côte d'Ivoire
CMR,Cameroun
COD,République démocratique du Congo
COG,République du Congo
COK,Îles Cook (N.-Z.)
COL,Colombie
COM,Comores
CPV,Cabo Verde
CRI,Costa Rica
CUB,Cuba
CUW,Curaçao (P.-B.)
CXR,Île Christmas (Aus.)
CYM,Îles Caïmans (R.-U.)
CYP,Chypre
CZE,République tchèque
DEU,Allemagne
DJI,Djibouti
DMA,Dominique
DNK,Danemark
DOM,République dominicaine
DZA,Algérie
ECU,Équateur
EGY,République arabe d'Égypte
ERI,Érythrée
ESP,Espagne
EST,Estonie
ETH,Éthiopie
FIN,Finlande
FJI,Fidji
FRA,France
FRO,Îles Féroé (Dan.)
FSM,États fédérés de Micronésie
GAB,Gabon
GBR,Royaume-Uni
GEO,Géorgie
GGY,Guernesey (R.-U.)
GHA,Ghana
GIB,Gibraltar (R.-U.)
GIN,Guinée
GLP,France
GMB,Gambie
GNB,Guinée-Bissau
GNQ,Guinée équatoriale
GRC,Grèce
GRD,Grenade
GRL,Groenland (Dan.)
GTM,Guatemala
GUF,France
GUM,Guam (É.-U.)
GUY,Guyana
HKG,"Hong Kong (RAS, Chine)"
HMD,Îles Heard-et-MacDonald (Aus.)
HND,Honduras
HRV,Croatie
HTI,Haïti
HUN,Hongrie
IDN,Indonésie
IMN,Île de Man (R.-U.)
IND,Inde
IRL,Irlande
IRN,République islamique d'Iran
IRQ,Iraq
ISL,Islande
ISR,Israël
ITA,Italie
JAM,Jamaïque
JEY,Jersey (R.-U.)
JOR,Jordanie
JPN,Japon
KAZ,Kazakhstan
KEN,Kenya
KGZ,République kirghize
KHM,Cambodge
KIR,Kiribati
KNA,Saint-Christophe-et-Niévès
KOR,Corée du Sud
KWT,Koweït
LAO,République démocratique populaire lao
LBN,Liban
LBR,Liberia
LBY,Libye
LCA,Sainte-Lucie
LIE,Liechtenstein
LKA,Sri Lanka
LSO,Lesotho
LTU,Lituanie
LUX,Luxembourg
LVA,Lettonie
MAC,"Macao (RAS, Chine)"
MAF,Saint-Martin (Fr.)
MAR,Maroc
MCO,Monaco
MDA,Moldavie
MDG,Madagascar
MDV,Maldives
MEX,Mexique
MHL,Îles Marshall
MKD,Macédoine du Nord
MLI,Mali
MLT,Malte
MMR,Myanmar
MNE,Monténégro
MNG,Mongolie
MNP,Îles Mariannes du Nord (É.-U.)
MOZ,Mozambique
MRT,Mauritanie
MSR,Montserrat (R.-U.)
MTQ,France
MUS,Maurice
MWI,Malawi
MYS,Malaisie
MYT,France
NAM,Namibie
NCL,Nouvelle-Calédonie (Fr.)
NER,Niger
NFK,Île Norfolk (Aus.)
NGA,Nigeria
NIC,Nicaragua
NIU,Niue (N.-Z.)
NLD,Pays-Bas
NOR,Norvège
NPL,Népal
NRU,Nauru
NZL,Nouvelle-Zélande
OMN,Oman
PAK,Pakistan
PAN,Panama
PCN,Îles Pitcairn (R.-U.)
PER,Pérou
PHL,Philippines
PLW,Palaos
PNG,Papouasie-Nouvelle-Guinée
POL,Pologne
PRI,Porto Rico (É.-U.)
PRK,République populaire démocratique de Corée
PRT,Portugal
PRY,Paraguay
PSE,Cisjordanie et Gaza
PYF,Polynésie française (Fr.)
QAT,Qatar
REU,France
ROU,Roumanie
RUS,Russie
RWA,Rwanda
SAU,Arabie saoudite
SDN,Soudan
SEN,Sénégal
SGP,Singapour
SHN,"Sainte-Hélène, Ascension et Tristan da Cunha (R.-U.)"
SJM,Svalbard et Jan Mayen (Nor.)
SLB,Îles Salomon
SLE,Sierra Leone
SLV,Salvador
SMR,Saint-Marin
SOM,Somalie
SPM,Saint-Pierre-et-Miquelon (Fr.)
SRB,Serbie
SSD,Soudan du Sud
STP,Sao Tomé-et-Principe
SUR,Suriname
SVK,République slovaque
SVN,Slovénie
SWE,Suède
SWZ,Eswatini
SXM,Saint-Martin (P.-B.)
SYC,Seychelles
SYR,République arabe syrienne
TCA,Îles Turques-et-Caïques (R.-U.)
TCD,Tchad
TGO,Togo
THA,Thaïlande
TJK,Tadjikistan
TKL,Tokelau (N.-Z.)
TKM,Turkménistan
TLS,Timor-Leste
TON,Tonga
TTO,Trinité-et-Tobago
TUN,Tunisie
TUR,Türkiye
TUV,Tuvalu
TZA,Tanzanie
UGA,Ouganda
UKR,Ukraine
UMI,Îles mineures éloignées des États-Unis (É.-U.)
URY,Uruguay
USA,États-Unis d'Amérique
UZB,Ouzbékistan
VAT,Cité du Vatican
VCT,Saint-Vincent-et-les-Grenadines
VEN,République bolivarienne du Venezuela
VGB,Îles Vierges britanniques (R.-U.)
VIR,Îles Vierges des États-Unis (É.-U.)
VNM,Viêt Nam
VUT,Vanuatu
WLF,Wallis-et-Futuna (Fr.)
WSM,Samoa
XKX,Kosovo
YEM,République du Yémen
ZAF,Afrique du Sud
ZMB,Zambie
ZWE,Zimbabwe
